{"stats":{"minecraft:used":{"fantasyfurniture:nordic/bed_single":1,"waterframes:big_tv":1,"immersive_aircraft:warship":1},"minecraft:custom":{"minecraft:time_since_rest":1408,"minecraft:blood":0,"minecraft:magic_shield":0,"minecraft:crouch_one_cm":466,"minecraft:sprint_one_cm":6053,"minecraft:play_time":13204,"minecraft:damage_taken":20,"minecraft:walk_one_cm":17709,"minecraft:sneak_time":232,"minecraft:dexterity":0,"minecraft:jump":81,"minecraft:intelligence":0,"minecraft:energy":50,"minecraft:damage_dealt":192,"minecraft:leave_game":2,"minecraft:health":70,"minecraft:move_speed":0,"minecraft:time_since_death":13204,"minecraft:strength":0,"minecraft:sleep_in_bed":1,"minecraft:total_world_time":13204,"minecraft:fly_one_cm":58500,"minecraft:fall_one_cm":1089,"minecraft:mana":50,"minecraft:horse_one_cm":1187}},"DataVersion":3465}